machine_id,temperature,vibration,rpm,pressure,fault
Machine-1,92.86,1.41,1439,3.92,1
Machine-2,95.67,0.5,1311,2.37,0
Machine-2,57.15,1.02,971,4.75,0
Machine-1,59.03,0.51,1414,3.0,0
Machine-3,56.34,0.21,829,5.53,0
Machine-2,73.77,1.26,1357,2.6,0
Machine-2,51.51,0.73,1356,1.82,0
Machine-3,85.51,0.56,883,3.99,0
Machine-3,53.67,1.93,1352,2.32,0
Machine-3,71.94,1.6,1361,2.63,0
Machine-3,92.04,2.0,1578,4.81,1
Machine-3,68.36,0.91,1029,2.83,0
Machine-1,46.79,0.29,1117,4.68,0
Machine-1,51.25,1.11,1076,5.38,0
Machine-1,49.09,0.72,1456,1.85,0
Machine-2,95.93,0.14,892,2.26,0
Machine-1,50.04,0.73,995,5.12,0
Machine-2,96.04,1.47,1437,1.55,1
Machine-1,66.08,1.22,962,4.31,0
Machine-2,53.94,1.86,1262,3.95,0
Machine-1,62.64,1.74,1514,3.92,0
Machine-3,66.36,0.99,1477,4.41,0
Machine-3,45.21,0.51,1170,5.41,0
Machine-2,96.9,0.75,1365,2.27,0
Machine-1,77.36,0.34,1081,2.19,0
Machine-2,59.43,1.57,1435,2.12,0
Machine-3,73.18,0.32,1430,3.14,0
Machine-2,79.76,0.14,930,3.23,0
Machine-2,87.22,1.05,1511,4.6,0
Machine-3,84.67,1.83,1546,3.63,0
Machine-1,97.34,1.19,1002,5.17,0
Machine-3,81.66,0.57,1554,2.94,0
Machine-3,68.02,1.7,979,3.87,0
Machine-2,88.91,0.14,1261,4.3,0
Machine-3,67.62,1.63,1430,2.54,0
Machine-3,85.68,0.13,948,4.74,0
Machine-3,45.88,0.93,1416,2.48,0
Machine-1,58.72,0.81,942,1.56,0
Machine-2,69.1,0.76,1117,1.75,0
Machine-2,83.32,1.27,1121,5.51,0
Machine-2,84.85,1.6,1589,1.81,0
Machine-3,52.67,1.67,1302,3.83,0
Machine-3,58.89,0.4,1080,4.45,0
Machine-1,68.06,0.79,918,5.5,0
Machine-2,90.35,1.24,1132,5.75,1
Machine-3,61.04,0.68,1302,3.89,0
Machine-3,72.84,0.23,1563,5.78,0
Machine-1,70.0,0.16,1050,5.28,0
Machine-2,59.19,0.75,1020,1.61,0
Machine-3,61.28,0.44,845,1.52,0
Machine-2,89.42,1.58,1174,4.98,1
Machine-1,75.28,1.34,1238,4.54,0
Machine-3,80.63,0.55,1470,5.34,0
Machine-2,60.24,1.71,871,4.75,0
Machine-1,87.44,0.99,1448,5.47,0
Machine-1,62.38,0.57,856,3.81,0
Machine-3,46.75,0.97,948,5.31,0
Machine-2,45.51,0.15,1508,3.2,0
Machine-2,74.38,0.32,1141,4.84,0
Machine-1,57.22,0.18,1042,5.49,0
Machine-1,70.75,1.56,1502,4.8,0
Machine-2,67.29,0.83,1388,4.04,0
Machine-2,58.29,0.81,1406,4.13,0
Machine-1,47.45,1.52,1247,2.11,0
Machine-3,61.63,1.88,1052,1.94,0
Machine-1,67.66,1.16,1238,2.8,0
Machine-3,60.35,0.11,1274,1.65,0
Machine-1,92.35,1.77,990,5.41,1
Machine-3,94.14,0.8,1499,3.71,0
Machine-3,46.89,0.17,1343,1.51,0
Machine-3,47.1,1.42,1529,4.9,0
Machine-3,96.47,1.48,1094,5.68,1
Machine-1,74.04,1.45,848,2.99,0
Machine-2,72.85,1.58,802,3.83,0
Machine-3,88.47,0.74,945,4.06,0
Machine-1,94.41,0.3,1561,5.03,0
Machine-2,53.95,0.82,1346,4.75,0
Machine-1,53.67,1.5,1492,4.64,0
Machine-2,98.6,0.24,1050,5.95,0
Machine-2,88.39,1.2,1521,2.55,0
Machine-2,69.71,1.47,1324,4.46,0
Machine-2,60.79,1.26,1366,4.03,0
Machine-3,80.99,0.99,866,5.47,0
Machine-2,89.73,1.78,1248,4.26,1
Machine-3,55.23,0.14,1494,2.33,0
Machine-2,57.58,0.21,1330,1.75,0
Machine-1,65.15,1.61,1201,5.15,0
Machine-2,67.46,0.82,1093,1.67,0
Machine-2,54.1,1.16,1078,2.01,0
Machine-2,88.33,0.31,816,4.68,0
Machine-1,85.95,0.21,1000,5.17,0
Machine-3,77.23,1.89,1531,2.18,0
Machine-2,82.25,1.16,1210,4.89,0
Machine-1,72.8,0.95,918,5.82,0
Machine-1,85.16,0.68,1386,5.89,0
Machine-3,70.35,1.24,1131,2.41,0
Machine-3,80.41,0.83,838,5.84,0
Machine-2,85.78,1.49,1331,1.51,1
Machine-1,66.55,0.75,954,5.09,0
Machine-1,59.82,0.2,1523,4.37,0
Machine-3,84.74,1.41,1235,1.62,0
Machine-1,56.46,0.37,907,4.65,0
Machine-2,88.06,0.97,867,5.46,0
Machine-3,93.17,1.7,1314,2.47,1
Machine-2,79.84,1.02,929,3.73,0
Machine-2,79.54,0.51,1269,5.71,0
Machine-2,93.25,1.52,1311,2.47,1
Machine-3,57.78,0.85,1453,2.57,0
Machine-3,59.21,1.92,1102,1.91,0
Machine-2,68.83,0.98,996,2.82,0
Machine-3,69.67,1.18,1186,3.09,0
Machine-1,74.02,1.89,852,2.02,0
Machine-2,68.48,1.51,927,4.05,0
Machine-2,55.13,1.78,927,2.53,0
Machine-1,79.91,0.84,1066,2.36,0
Machine-2,57.4,1.02,1566,5.98,0
Machine-3,55.84,0.58,803,5.71,0
Machine-1,88.37,1.34,1087,2.63,1
Machine-2,93.19,1.36,930,1.96,1
Machine-2,84.97,1.81,861,4.49,0
Machine-2,94.53,1.78,1114,2.21,1
Machine-2,51.96,0.75,1555,3.85,0
Machine-2,66.47,0.31,1305,3.05,0
Machine-2,61.69,1.58,1523,3.65,0
Machine-3,97.12,1.81,1580,1.88,1
Machine-3,99.92,0.67,868,5.12,0
Machine-1,73.56,0.78,829,4.03,0
Machine-1,46.8,1.21,1468,3.85,0
Machine-1,68.36,0.58,885,4.41,0
Machine-1,98.83,1.31,1443,3.28,1
Machine-1,82.15,1.8,1533,1.89,0
Machine-1,53.3,0.45,808,2.63,0
Machine-3,77.7,0.39,996,2.86,0
Machine-3,65.09,0.23,1028,3.86,0
Machine-2,99.5,0.15,912,1.87,0
Machine-2,97.54,1.45,1249,4.32,1
Machine-3,58.83,0.76,1154,4.34,0
Machine-2,89.07,0.25,1310,1.95,0
Machine-1,74.42,1.29,1247,2.52,0
Machine-3,74.38,0.5,1227,4.96,0
Machine-2,90.47,0.22,1145,2.77,0
Machine-2,67.42,0.72,963,2.59,0
Machine-1,67.44,1.12,1057,3.82,0
Machine-3,86.1,1.06,1109,3.28,0
Machine-3,82.16,1.59,1113,3.91,0
Machine-3,88.69,1.08,872,2.95,0
Machine-2,55.02,1.62,1322,5.65,0
Machine-2,46.36,1.67,1054,5.63,0
Machine-1,70.08,1.58,1048,5.88,0
Machine-1,48.77,1.94,886,2.98,0
Machine-1,50.66,1.15,992,3.16,0
Machine-1,53.57,1.07,839,3.97,0
Machine-2,65.94,0.21,1221,5.98,0
Machine-3,95.3,1.66,1401,2.64,1
Machine-3,53.66,0.58,860,2.18,0
Machine-2,66.34,1.18,1454,2.58,0
Machine-3,94.37,0.27,1106,2.89,0
Machine-1,89.64,1.53,1207,3.51,1
Machine-3,63.87,1.46,1400,4.35,0
Machine-1,58.62,1.07,915,3.9,0
Machine-1,60.74,1.28,1225,5.08,0
Machine-1,58.45,0.79,1540,1.62,0
Machine-3,78.47,0.19,1152,5.0,0
Machine-2,60.87,1.65,1118,2.83,0
Machine-3,68.96,1.87,1266,5.78,0
Machine-3,53.77,0.36,1065,2.0,0
Machine-1,63.81,1.64,940,2.0,0
Machine-1,93.27,1.39,1454,5.91,1
Machine-2,60.4,0.35,1312,3.44,0
Machine-2,90.71,1.91,1050,5.93,1
Machine-1,59.56,1.37,1581,4.2,0
Machine-1,96.22,1.63,985,2.35,1
Machine-3,91.08,0.9,1361,2.14,0
Machine-2,96.08,0.96,987,4.17,0
Machine-3,92.15,1.29,1390,5.54,1
Machine-3,49.06,0.63,1049,5.93,0
Machine-2,90.04,1.3,827,4.45,1
Machine-3,64.89,0.31,1024,5.98,0
Machine-3,64.81,1.22,1289,5.2,0
Machine-1,90.18,1.76,940,1.85,1
Machine-1,65.64,0.85,1110,4.48,0
Machine-1,95.2,0.29,803,5.82,0
Machine-3,89.59,0.3,1248,2.09,0
Machine-1,48.45,0.57,858,4.95,0
Machine-1,87.56,0.29,828,2.7,0
Machine-3,60.49,0.42,913,4.16,0
Machine-3,47.1,0.93,1209,4.47,0
Machine-1,55.72,0.15,1196,4.27,0
Machine-1,79.84,1.62,986,3.3,0
Machine-3,47.43,1.9,1118,4.78,0
Machine-1,70.85,1.81,1179,5.75,0
Machine-3,94.94,0.64,1111,2.07,0
Machine-2,73.38,0.87,856,4.19,0
Machine-1,47.6,1.24,1479,2.25,0
Machine-3,54.37,0.54,1236,4.57,0
Machine-3,86.88,0.24,1280,1.51,0
Machine-2,63.02,1.69,1540,1.8,0
Machine-3,87.88,0.75,1589,1.54,0
Machine-3,96.14,1.5,1391,4.74,1
Machine-2,98.21,0.41,1202,1.89,0
Machine-1,77.35,0.73,1410,2.02,0
Machine-1,52.07,1.83,1022,3.36,0
Machine-2,55.82,1.54,1058,5.28,0
Machine-1,93.91,0.83,1012,1.95,0
Machine-1,71.61,1.85,1504,2.5,0
Machine-2,66.38,1.35,1568,4.49,0
Machine-3,58.61,1.57,1108,3.75,0
Machine-1,65.49,0.7,1535,2.83,0
Machine-3,91.74,1.03,1401,1.68,0
Machine-3,93.86,1.57,1293,3.09,1
Machine-1,82.59,0.67,1013,1.76,0
Machine-3,94.28,0.52,834,4.11,0
Machine-2,70.66,0.31,946,4.58,0
Machine-2,58.71,0.84,1522,2.3,0
Machine-1,91.69,1.32,1275,3.15,1
Machine-2,76.89,1.98,1356,2.91,0
Machine-3,93.49,1.15,1439,3.11,0
Machine-3,79.95,1.57,1207,1.75,0
Machine-3,46.22,0.66,1130,3.23,0
Machine-2,91.66,0.65,1476,5.87,0
Machine-2,74.21,0.97,924,5.49,0
Machine-3,66.94,1.6,864,5.97,0
Machine-1,58.58,1.23,811,3.47,0
Machine-1,93.79,1.34,951,4.37,1
Machine-2,47.75,1.88,844,2.88,0
Machine-3,55.11,0.95,1172,5.11,0
Machine-3,69.2,1.69,1194,5.58,0
Machine-1,75.38,1.16,1157,2.76,0
Machine-2,88.31,0.37,871,5.25,0
Machine-2,48.46,1.69,1305,3.36,0
Machine-1,95.36,1.66,1158,1.95,1
Machine-3,59.83,1.29,1294,3.77,0
Machine-2,73.89,1.0,1246,3.3,0
Machine-1,56.56,1.39,1594,3.62,0
Machine-1,82.67,1.35,1128,1.55,0
Machine-1,92.56,0.31,1264,4.49,0
Machine-2,47.14,1.42,1342,4.04,0
Machine-3,58.77,1.79,1118,5.45,0
Machine-1,49.33,0.72,1492,4.93,0
Machine-3,45.92,0.8,1543,1.68,0
Machine-3,88.97,0.9,1374,3.85,0
Machine-3,99.5,0.9,884,2.91,0
Machine-2,68.53,0.26,1499,3.86,0
Machine-1,98.39,1.83,1391,2.75,1
Machine-1,54.6,1.55,922,1.8,0
Machine-3,53.42,0.43,1082,2.98,0
Machine-1,89.88,0.91,1088,5.98,0
Machine-2,68.01,1.2,869,2.99,0
Machine-3,80.45,0.97,1040,4.7,0
Machine-3,54.05,0.49,1308,1.64,0
Machine-1,50.66,0.53,999,3.62,0
Machine-1,75.13,1.45,1528,5.15,0
Machine-2,87.16,0.67,1226,4.96,0
Machine-1,47.67,1.58,1487,3.06,0
Machine-2,65.6,0.68,985,5.13,0
Machine-3,46.33,0.78,1123,2.49,0
Machine-3,84.07,1.85,1585,4.23,0
Machine-2,92.6,0.83,1010,5.99,0
Machine-1,82.56,0.43,939,2.12,0
Machine-3,71.12,1.63,903,2.45,0
Machine-1,55.96,1.3,1199,4.08,0
Machine-2,89.66,0.91,1364,2.6,0
Machine-1,79.45,0.95,1188,3.08,0
Machine-2,77.11,1.34,1476,3.85,0
Machine-2,72.1,0.27,946,5.18,0
Machine-1,86.3,0.73,1535,3.2,0
Machine-3,68.18,1.35,885,3.45,0
Machine-3,49.38,1.01,1190,4.21,0
Machine-1,69.29,1.99,928,5.62,0
Machine-3,47.28,1.21,1325,2.47,0
Machine-1,47.46,0.57,1320,3.56,0
Machine-2,91.8,1.55,1466,2.02,1
Machine-3,55.28,1.92,1186,3.81,0
Machine-2,46.06,1.76,1182,3.37,0
Machine-2,57.29,1.05,1180,3.21,0
Machine-1,46.3,0.21,1156,3.75,0
Machine-1,53.64,0.54,1411,5.07,0
Machine-3,71.31,0.71,1395,5.79,0
Machine-3,64.07,1.59,1048,2.16,0
Machine-3,75.7,2.0,881,2.98,0
Machine-2,45.46,1.87,905,4.21,0
Machine-3,92.94,1.13,843,3.1,0
Machine-3,53.89,1.83,1387,2.69,0
Machine-2,91.82,1.42,967,4.66,1
Machine-1,87.49,1.54,930,4.32,1
Machine-2,52.58,0.59,1079,4.08,0
Machine-2,80.2,1.38,1239,5.78,0
Machine-1,63.08,0.32,1193,1.59,0
Machine-3,75.17,1.4,1318,2.44,0
Machine-1,79.31,0.74,1079,5.52,0
Machine-1,76.95,1.8,1295,4.83,0
Machine-2,93.86,0.59,1284,2.48,0
Machine-2,90.38,0.18,1104,3.2,0
Machine-3,89.58,0.98,1451,2.46,0
Machine-3,51.34,1.69,1577,5.91,0
Machine-2,47.04,1.7,1501,2.27,0
Machine-3,45.0,0.82,1098,3.18,0
Machine-2,93.93,0.96,897,2.05,0
Machine-3,73.38,0.19,1224,2.53,0
Machine-3,74.01,0.86,1338,3.4,0
Machine-3,61.81,0.55,1157,2.01,0
Machine-1,62.26,0.81,895,1.98,0
Machine-3,86.52,1.28,1384,5.7,1
Machine-3,52.97,1.67,1566,3.69,0
Machine-1,75.62,1.16,1119,5.97,0
Machine-2,90.1,0.63,848,5.14,0
Machine-2,66.6,1.7,1029,5.75,0
Machine-3,98.19,0.52,1225,3.53,0
Machine-1,77.47,1.36,1004,3.8,0
Machine-3,97.83,0.79,857,2.8,0
Machine-3,65.02,0.67,1258,1.7,0
Machine-1,50.75,0.51,1149,2.92,0
Machine-3,83.7,0.14,1297,3.02,0
Machine-3,72.56,0.89,1583,4.32,0
Machine-2,83.66,1.3,1024,5.8,0
Machine-2,62.46,1.85,916,2.17,0
Machine-3,93.91,0.52,1203,5.14,0
Machine-1,61.9,1.25,1391,3.8,0
Machine-1,56.79,0.92,919,1.88,0
Machine-2,91.06,0.35,1446,1.67,0
Machine-3,50.37,1.9,1144,2.62,0
Machine-1,50.73,1.18,1085,3.05,0
Machine-1,59.75,1.4,1499,5.74,0
Machine-1,90.05,0.2,1377,4.36,0
Machine-2,89.98,1.14,1462,2.82,0
Machine-1,89.2,1.47,1030,2.89,1
Machine-1,62.79,0.19,1310,3.58,0
Machine-1,87.44,1.59,1461,2.6,1
Machine-2,97.82,1.06,1480,5.45,0
Machine-3,66.15,0.23,1444,5.8,0
Machine-2,64.66,1.12,1185,2.72,0
Machine-2,72.58,0.83,1299,2.25,0
Machine-1,70.92,0.72,1177,4.91,0
Machine-1,61.8,0.66,1231,2.45,0
Machine-1,84.09,1.07,1384,2.17,0
Machine-1,65.94,0.94,1457,4.28,0
Machine-2,94.85,0.96,867,4.03,0
Machine-1,73.16,1.12,1230,2.1,0
Machine-3,83.84,0.26,1167,5.94,0
Machine-3,52.66,0.98,890,3.58,0
Machine-2,47.17,0.15,970,2.26,0
Machine-3,86.72,0.75,1104,5.83,0
Machine-1,53.05,0.67,1152,1.9,0
Machine-3,62.59,1.78,1320,2.83,0
Machine-1,73.15,1.78,882,4.36,0
Machine-2,53.58,1.63,1099,4.01,0
Machine-2,76.27,0.1,1226,3.85,0
Machine-3,61.64,1.51,1383,5.69,0
Machine-3,86.46,1.53,894,2.1,1
Machine-1,99.04,1.4,854,4.49,1
Machine-3,62.63,1.81,1135,4.17,0
Machine-3,50.48,1.3,1432,4.07,0
Machine-3,98.4,0.18,1557,5.92,0
Machine-1,94.88,0.87,1186,4.57,0
Machine-3,80.09,0.18,1208,4.02,0
Machine-2,60.14,0.32,1316,3.68,0
Machine-3,45.09,1.57,916,2.94,0
Machine-2,65.41,1.81,1282,1.75,0
Machine-2,80.78,1.62,1214,5.96,0
Machine-2,74.48,0.93,1294,3.97,0
Machine-1,77.6,0.37,949,4.53,0
Machine-2,96.6,0.26,886,3.09,0
Machine-2,64.12,1.37,1305,1.93,0
Machine-1,67.78,0.77,980,2.89,0
Machine-3,65.2,1.22,996,4.77,0
Machine-3,51.66,1.98,1449,3.42,0
Machine-1,68.21,2.0,1040,5.1,0
Machine-2,60.47,0.44,1120,3.36,0
Machine-1,52.52,0.6,1583,1.71,0
Machine-1,86.04,1.69,954,5.73,1
Machine-2,54.09,1.05,1412,2.85,0
Machine-2,69.33,1.52,1514,5.47,0
Machine-1,81.28,0.78,1302,3.1,0
Machine-3,48.88,0.38,1026,5.01,0
Machine-3,75.53,1.55,1065,5.29,0
Machine-2,96.47,0.18,1352,4.28,0
Machine-2,97.07,0.91,1375,4.51,0
Machine-2,54.23,1.03,919,5.84,0
Machine-1,72.46,0.93,1451,3.79,0
Machine-3,46.86,0.38,1586,4.76,0
Machine-2,65.23,1.61,1193,3.48,0
Machine-1,88.8,0.47,892,4.43,0
Machine-1,94.61,0.84,1479,5.97,0
Machine-2,88.51,0.35,1026,5.37,0
Machine-3,59.88,1.06,848,1.61,0
Machine-1,66.27,0.46,804,4.78,0
Machine-2,48.67,0.62,1397,1.57,0
Machine-3,95.11,1.04,1215,2.42,0
Machine-3,52.39,1.24,898,5.43,0
Machine-2,89.26,0.83,1453,4.42,0
Machine-3,53.44,1.36,953,3.58,0
Machine-3,96.4,1.73,1456,5.97,1
Machine-1,58.94,1.08,1373,5.57,0
Machine-2,71.62,1.25,1066,2.22,0
Machine-1,83.96,1.61,1109,2.9,0
Machine-2,94.05,1.82,1294,5.52,1
Machine-3,74.13,0.65,962,4.46,0
Machine-2,78.47,1.69,1042,3.71,0
Machine-1,82.19,1.56,931,4.68,0
Machine-3,56.02,1.87,1488,3.39,0
Machine-3,99.15,0.68,1432,2.65,0
Machine-3,84.37,1.24,901,2.77,0
Machine-2,99.06,0.48,1061,4.58,0
Machine-2,46.87,0.3,861,3.79,0
Machine-1,76.07,0.38,1523,3.27,0
Machine-3,97.93,1.35,878,4.56,1
Machine-3,48.45,1.85,907,2.94,0
Machine-2,55.53,0.1,1156,5.12,0
Machine-3,61.9,0.18,1425,4.09,0
Machine-1,57.06,1.72,1329,5.57,0
Machine-3,76.39,0.91,1111,2.63,0
Machine-3,70.14,1.97,1169,5.91,0
Machine-3,62.42,1.52,1542,5.79,0
Machine-2,56.57,1.37,977,3.24,0
Machine-3,86.56,0.38,981,5.68,0
Machine-2,69.05,1.32,875,4.91,0
Machine-1,66.71,0.68,988,3.49,0
Machine-1,78.89,1.24,1542,5.85,0
Machine-1,52.26,1.57,1403,1.73,0
Machine-2,60.35,0.21,1334,2.31,0
Machine-2,85.56,0.13,1092,3.69,0
Machine-2,71.6,0.68,1396,5.91,0
Machine-1,78.54,0.56,1021,2.31,0
Machine-2,83.07,0.53,1395,3.23,0
Machine-3,65.38,0.38,1123,5.56,0
Machine-1,59.13,0.74,1345,4.84,0
Machine-3,46.48,0.34,953,2.16,0
Machine-2,93.98,1.17,910,3.74,0
Machine-2,65.07,0.17,1271,5.71,0
Machine-1,70.6,0.39,1207,4.5,0
Machine-2,66.99,1.65,1419,5.89,0
Machine-3,76.87,1.59,1380,1.88,0
Machine-3,45.77,1.74,862,5.69,0
Machine-2,45.31,1.76,1046,4.9,0
Machine-2,88.67,1.87,1481,1.75,1
Machine-3,48.74,1.44,804,4.64,0
Machine-2,46.68,0.41,1562,2.84,0
Machine-1,68.01,1.21,1527,4.87,0
Machine-3,60.48,1.72,1047,1.96,0
Machine-3,53.25,1.96,1142,4.91,0
Machine-3,50.37,0.8,1267,3.59,0
Machine-1,65.87,1.87,1302,4.61,0
Machine-2,70.21,0.39,993,4.86,0
Machine-1,92.88,0.9,972,1.94,0
Machine-3,47.73,1.82,1424,1.69,0
Machine-3,98.89,1.63,1070,3.54,1
Machine-2,90.31,0.25,1458,3.78,0
Machine-2,88.24,1.18,1335,4.6,0
Machine-1,56.49,0.6,801,1.7,0
Machine-1,48.31,0.63,816,1.82,0
Machine-2,71.74,0.74,1384,4.77,0
Machine-2,94.51,0.87,1479,2.31,0
Machine-2,69.94,0.89,1163,2.57,0
Machine-1,74.53,0.15,946,5.69,0
Machine-2,45.8,0.48,1162,5.17,0
Machine-3,50.63,0.74,1396,3.58,0
Machine-1,81.48,1.19,1172,2.42,0
Machine-3,59.35,1.77,857,3.63,0
Machine-3,57.26,1.09,1309,2.76,0
Machine-3,80.06,0.2,1414,2.97,0
Machine-3,88.5,1.54,1285,1.93,1
Machine-1,53.86,0.8,1082,2.54,0
Machine-3,85.19,1.14,1413,3.96,0
Machine-2,63.06,0.87,1166,3.9,0
Machine-3,66.45,1.75,1417,2.13,0
Machine-3,79.14,0.51,1183,1.91,0
Machine-3,84.3,1.62,832,5.38,0
Machine-2,67.1,1.87,994,5.97,0
Machine-3,90.28,0.69,1332,3.21,0
Machine-3,81.73,0.3,1584,3.06,0
Machine-3,67.68,0.57,1225,5.65,0
Machine-2,85.69,0.4,1095,3.48,0
Machine-1,81.01,0.24,836,4.8,0
Machine-2,52.89,0.55,1064,4.53,0
Machine-2,89.07,1.54,851,5.28,1
Machine-1,48.36,0.26,825,3.7,0
Machine-2,66.24,1.33,1583,5.39,0
Machine-1,68.59,1.72,1021,3.01,0
Machine-2,68.28,0.95,1592,2.48,0
Machine-2,83.47,1.71,1493,3.72,0
Machine-2,69.14,1.74,923,1.9,0
Machine-2,98.05,0.95,835,4.86,0
Machine-3,60.87,0.25,840,4.62,0
Machine-1,94.37,1.2,1053,3.06,0
Machine-3,50.88,0.89,857,2.5,0
Machine-2,96.43,0.5,818,2.89,0
Machine-3,64.27,0.66,1510,5.81,0
Machine-1,94.77,0.44,1190,5.91,0
Machine-2,57.95,1.3,1576,3.45,0
Machine-2,65.87,0.26,1414,3.11,0
Machine-1,67.46,0.98,1162,5.49,0
Machine-2,53.56,0.51,809,4.76,0
Machine-1,68.61,0.23,1331,2.31,0
Machine-3,97.19,0.36,1125,2.71,0
Machine-2,70.33,0.19,1265,1.97,0
Machine-1,89.19,0.98,1279,4.58,0
Machine-1,96.74,1.28,976,3.1,1
Machine-2,80.85,0.24,945,3.5,0
Machine-3,83.25,1.16,1339,2.52,0
Machine-3,86.83,1.89,1342,2.15,1
Machine-2,46.05,1.13,967,2.49,0
Machine-3,93.19,1.07,1399,4.57,0
Machine-1,55.97,1.04,1491,4.79,0
Machine-1,85.61,1.46,1436,2.89,1
Machine-2,80.67,1.37,930,5.46,0
Machine-3,86.31,1.19,1052,3.74,0
Machine-1,94.69,1.67,1243,2.73,1
Machine-2,68.9,0.31,1192,2.61,0
Machine-2,99.54,1.68,921,1.56,1
Machine-1,63.55,1.89,1121,5.36,0
Machine-1,72.53,0.35,1561,5.18,0
Machine-1,51.58,0.2,1072,2.61,0
Machine-2,70.23,1.76,1412,3.99,0
Machine-2,62.12,0.34,1117,1.75,0
Machine-1,97.51,1.71,860,4.72,1
Machine-2,96.23,1.91,1001,3.27,1
Machine-3,75.03,0.23,1314,5.44,0
Machine-3,78.02,0.4,1519,5.64,0
Machine-1,72.34,1.25,1586,5.74,0
Machine-1,48.81,1.24,1429,4.81,0
Machine-3,65.34,1.33,1001,3.21,0
Machine-1,59.56,0.33,939,1.77,0
Machine-2,67.93,1.3,1355,1.6,0
Machine-1,61.26,1.24,1434,1.69,0
Machine-3,94.14,1.66,1070,3.12,1
Machine-1,67.15,0.12,973,2.07,0
Machine-1,86.22,1.93,1337,2.78,1
Machine-2,99.26,1.71,1275,4.12,1
Machine-1,62.5,1.61,868,5.29,0
Machine-1,74.98,0.43,1490,5.47,0
Machine-1,49.04,1.35,984,4.43,0
Machine-2,81.64,1.74,992,3.81,0
Machine-3,70.98,1.51,944,3.73,0
Machine-2,64.69,1.03,1141,5.72,0
Machine-2,98.61,0.49,842,5.96,0
Machine-1,82.13,1.34,1113,3.36,0
Machine-2,61.95,1.82,1165,4.8,0
Machine-2,49.07,1.4,1375,5.38,0
Machine-3,75.06,1.39,1090,2.32,0
Machine-3,66.7,1.0,1379,4.08,0
Machine-3,77.62,0.19,1521,2.66,0
Machine-2,66.17,0.23,844,3.56,0
Machine-2,77.31,1.33,1196,4.17,0
Machine-2,69.3,0.78,1080,3.91,0
Machine-2,58.54,1.29,823,4.87,0
Machine-1,87.5,0.76,1542,3.58,0
Machine-2,61.67,0.14,1513,3.73,0
Machine-3,82.05,0.52,1468,4.55,0
Machine-2,86.2,0.58,1484,2.88,0
Machine-3,95.39,0.69,922,1.98,0
Machine-3,75.93,1.11,1480,4.74,0
Machine-1,68.57,1.91,1250,3.95,0
Machine-1,83.71,1.29,1024,2.81,0
Machine-3,55.84,1.7,1178,3.33,0
Machine-1,82.19,0.23,1348,4.63,0
Machine-1,85.3,1.79,1459,3.07,1
Machine-1,81.61,1.51,812,2.49,0
Machine-2,99.96,1.31,941,5.81,1
Machine-3,80.92,1.82,1307,3.04,0
Machine-2,92.21,0.7,1524,2.12,0
Machine-2,87.39,1.59,994,4.13,1
Machine-3,82.22,0.96,1246,1.57,0
Machine-3,96.85,0.34,1200,4.81,0
Machine-3,76.88,1.95,1569,4.48,0
Machine-1,51.47,0.3,1348,1.99,0
Machine-2,60.34,1.88,1551,3.68,0
Machine-3,52.55,0.77,1582,3.12,0
Machine-2,98.15,1.83,1051,2.88,1
Machine-1,90.87,1.89,1151,2.17,1
Machine-2,90.26,0.98,1305,2.7,0
Machine-1,88.32,1.68,1497,5.68,1
Machine-1,82.35,0.28,920,3.48,0
Machine-3,54.86,1.61,1494,5.19,0
Machine-1,62.35,0.82,1199,4.65,0
Machine-3,76.18,0.11,1173,4.02,0
Machine-2,85.61,0.78,905,5.98,0
Machine-1,94.46,1.16,1185,3.17,0
Machine-3,88.14,0.6,1128,2.03,0
Machine-2,48.63,0.19,869,5.21,0
Machine-2,71.71,1.2,1233,3.1,0
Machine-1,96.86,1.07,1574,1.91,0
Machine-2,93.09,0.45,1005,5.58,0
Machine-3,91.37,1.81,1461,4.9,1
Machine-1,87.39,1.66,1460,3.33,1
Machine-1,66.13,1.53,945,3.37,0
Machine-1,52.04,0.61,1167,1.7,0
Machine-3,76.3,0.4,1072,1.56,0
Machine-2,88.58,0.18,838,3.12,0
Machine-2,55.35,0.6,1075,2.9,0
Machine-2,83.36,0.94,1313,4.96,0
Machine-1,65.74,0.66,1396,5.57,0
Machine-1,86.93,1.18,886,2.84,0
Machine-3,79.24,1.97,908,4.72,0
Machine-2,53.93,0.98,1025,2.78,0
Machine-2,61.4,0.57,864,5.95,0
Machine-2,67.99,1.68,1371,4.61,0
Machine-1,49.41,0.13,1508,3.86,0
Machine-1,94.01,1.89,1032,5.76,1
Machine-3,63.74,0.57,1291,3.99,0
Machine-2,97.67,1.55,877,5.85,1
Machine-1,78.47,1.96,1432,4.55,0
Machine-3,95.36,0.66,1422,3.21,0
Machine-1,53.41,1.22,827,5.16,0
Machine-2,49.7,1.06,1218,2.8,0
Machine-3,80.16,0.52,991,5.54,0
Machine-3,71.33,0.76,888,4.14,0
Machine-1,65.58,1.69,980,3.15,0
Machine-2,80.48,1.19,951,2.59,0
Machine-3,75.4,1.86,1270,1.55,0
Machine-3,95.63,0.65,1303,1.86,0
Machine-2,63.4,0.36,1354,2.93,0
Machine-1,69.08,1.33,1512,2.49,0
Machine-2,56.77,1.67,1314,5.46,0
Machine-2,85.13,0.24,1306,5.94,0
Machine-1,86.7,1.79,840,5.11,1
Machine-3,53.74,0.49,1256,2.05,0
Machine-3,86.7,1.75,911,5.06,1
Machine-2,53.17,0.99,1429,2.68,0
Machine-1,62.28,1.93,1518,3.64,0
Machine-3,57.15,0.69,924,2.69,0
Machine-2,55.26,0.93,990,2.94,0
Machine-1,82.99,0.2,805,2.16,0
Machine-1,72.56,1.96,1130,4.18,0
Machine-3,68.18,0.44,1550,5.74,0
Machine-1,94.67,0.11,1579,1.99,0
Machine-3,80.64,1.01,983,5.04,0
Machine-3,93.53,0.81,1175,2.71,0
Machine-3,92.17,0.3,1368,1.97,0
Machine-1,73.63,1.39,892,2.89,0
Machine-3,98.63,0.8,1500,5.22,0
Machine-1,71.71,1.87,1150,5.36,0
Machine-1,97.0,1.74,1179,5.22,1
Machine-1,63.79,0.8,1205,5.52,0
Machine-1,73.67,1.28,1173,2.44,0
Machine-1,99.09,1.04,861,5.56,0
Machine-1,89.46,1.86,1266,5.11,1
Machine-1,70.53,1.05,1269,2.19,0
Machine-2,90.27,0.11,1161,4.31,0
Machine-1,69.04,0.74,1580,4.9,0
Machine-1,45.61,0.15,1481,2.08,0
Machine-1,98.01,0.29,1124,4.78,0
Machine-3,61.14,0.24,1010,2.86,0
Machine-3,74.84,0.86,829,4.78,0
Machine-3,73.44,1.82,1503,1.92,0
Machine-2,84.56,1.51,1382,5.77,0
Machine-1,60.65,1.93,1045,4.89,0
Machine-1,81.45,1.61,1059,5.11,0
Machine-3,76.81,1.17,1300,5.19,0
Machine-1,58.93,0.52,1354,2.96,0
Machine-2,46.97,1.3,1158,1.59,0
Machine-1,91.57,0.76,997,5.37,0
Machine-2,89.35,0.51,1246,4.59,0
Machine-3,89.38,1.41,917,4.29,1
Machine-1,98.67,1.27,1238,1.93,1
Machine-3,87.83,0.22,873,2.29,0
Machine-3,83.54,0.82,849,3.47,0
Machine-2,73.71,1.11,1522,5.58,0
Machine-2,57.57,1.92,1082,4.39,0
Machine-2,56.72,0.51,1101,2.63,0
Machine-2,57.02,1.74,1272,2.06,0
Machine-1,61.6,1.02,969,5.7,0
Machine-1,64.95,0.43,893,6.0,0
Machine-3,51.68,0.94,1390,4.06,0
Machine-1,69.56,1.9,1597,1.98,0
Machine-3,59.4,1.26,954,4.49,0
Machine-3,78.63,0.42,1399,2.42,0
Machine-1,94.3,0.44,1415,5.97,0
Machine-3,66.06,0.11,1336,4.51,0
Machine-2,78.2,0.69,837,5.27,0
Machine-1,77.9,0.32,1236,4.42,0
Machine-3,91.02,0.4,1537,5.82,0
Machine-1,54.28,1.58,1161,1.55,0
Machine-3,81.09,1.6,1289,4.22,0
Machine-2,91.26,0.58,938,3.6,0
Machine-2,77.7,0.7,1259,4.08,0
Machine-3,79.29,0.66,1536,4.15,0
Machine-1,73.17,1.0,868,2.12,0
Machine-3,72.2,1.56,1114,5.81,0
Machine-1,55.64,0.19,1040,1.71,0
Machine-2,98.44,0.26,1199,1.56,0
Machine-1,90.0,0.8,1312,5.69,0
Machine-3,65.93,1.38,1231,3.15,0
Machine-3,55.84,1.76,1204,4.57,0
Machine-3,82.9,1.24,1344,1.51,0
Machine-3,85.33,1.38,888,3.93,1
Machine-3,60.24,1.09,1545,2.89,0
Machine-1,70.62,1.18,881,4.81,0
Machine-3,98.2,1.99,918,3.44,1
Machine-1,98.44,0.19,1461,4.63,0
Machine-1,59.28,0.89,1276,2.6,0
Machine-3,64.09,0.67,888,1.57,0
Machine-1,66.13,1.14,1036,5.93,0
Machine-1,66.02,0.17,919,4.77,0
Machine-3,83.3,0.16,832,5.44,0
Machine-2,95.37,1.99,1268,4.34,1
Machine-1,77.74,1.59,907,3.59,0
Machine-1,93.88,0.33,1154,5.54,0
Machine-2,93.17,0.46,1252,3.89,0
Machine-3,83.47,1.42,914,3.73,0
Machine-3,93.08,0.26,1260,5.98,0
Machine-2,58.67,1.12,953,5.06,0
Machine-1,95.79,0.92,1419,3.14,0
Machine-3,68.12,1.16,1426,2.18,0
Machine-1,89.2,0.7,1291,4.04,0
Machine-3,54.27,0.53,1354,4.74,0
Machine-1,71.9,0.36,1468,3.08,0
Machine-3,89.51,1.45,1538,5.27,1
Machine-3,92.49,0.81,817,4.11,0
Machine-3,47.63,0.96,1301,3.84,0
Machine-2,59.21,1.08,1510,2.29,0
Machine-3,96.7,1.24,1328,4.37,1
Machine-2,84.48,1.74,1383,4.36,0
Machine-3,45.72,1.46,1076,5.5,0
Machine-2,76.95,1.49,1048,5.97,0
Machine-1,77.09,0.31,1337,1.99,0
Machine-3,71.55,1.78,1116,5.94,0
Machine-3,81.52,0.17,853,4.24,0
Machine-2,57.79,1.05,1049,1.95,0
Machine-2,62.92,1.47,946,2.87,0
Machine-1,50.78,0.81,1249,3.0,0
Machine-2,98.44,1.12,1127,5.86,0
Machine-3,49.05,1.97,914,2.17,0
Machine-1,48.25,0.8,1433,5.99,0
Machine-3,59.62,0.25,1247,2.6,0
Machine-1,70.15,0.38,891,4.73,0
Machine-1,82.21,1.86,1211,5.32,0
Machine-2,52.84,1.23,1306,4.71,0
Machine-1,46.52,0.19,898,2.66,0
Machine-1,51.91,0.25,1420,2.89,0
Machine-3,90.25,1.88,935,4.05,1
Machine-3,99.78,1.75,1091,5.8,1
Machine-1,91.89,0.8,1458,2.2,0
Machine-1,60.69,0.2,1210,1.87,0
Machine-1,72.57,1.37,1533,4.33,0
Machine-3,67.92,0.8,1383,5.14,0
Machine-2,75.92,1.27,1343,2.73,0
Machine-1,68.12,1.21,1307,4.94,0
Machine-2,64.7,0.51,1255,2.58,0
Machine-2,73.65,1.63,1560,5.8,0
Machine-2,50.83,0.18,1005,3.58,0
Machine-1,78.76,0.89,1071,3.79,0
Machine-3,65.13,1.84,850,3.78,0
Machine-3,86.57,0.22,1443,5.97,0
Machine-1,86.26,1.23,1274,1.74,1
Machine-2,78.06,0.43,1373,2.87,0
Machine-3,67.75,0.22,1552,5.81,0
Machine-2,73.59,1.39,929,3.89,0
Machine-3,88.91,0.44,1395,5.86,0
Machine-2,78.6,1.23,1407,4.09,0
Machine-3,67.42,0.52,1592,3.99,0
Machine-1,79.83,1.95,1107,2.92,0
Machine-1,69.84,0.79,1199,5.82,0
Machine-1,51.7,1.24,958,4.99,0
Machine-1,79.76,1.31,851,3.72,0
Machine-1,63.66,1.4,1121,3.92,0
Machine-3,66.59,0.76,854,2.33,0
Machine-3,70.24,1.62,1171,3.73,0
Machine-2,78.05,1.51,1155,2.2,0
Machine-3,45.15,0.75,854,5.11,0
Machine-1,66.23,0.61,1213,2.57,0
Machine-1,83.56,0.8,1087,1.93,0
Machine-3,80.37,1.62,1014,5.36,0
Machine-3,84.29,0.71,1086,4.12,0
Machine-3,75.72,0.38,979,2.08,0
Machine-3,46.02,1.98,871,1.9,0
Machine-3,91.89,1.7,1377,5.87,1
Machine-2,90.84,1.72,1163,2.22,1
Machine-2,55.57,0.57,1545,5.04,0
Machine-1,62.84,0.16,855,2.81,0
Machine-2,72.67,1.9,1462,2.07,0
Machine-3,47.55,1.01,1094,1.59,0
Machine-1,57.55,1.53,1230,1.58,0
Machine-2,65.29,1.78,959,4.25,0
Machine-1,56.19,1.01,1254,4.77,0
Machine-1,70.0,0.21,1578,4.31,0
Machine-2,76.5,1.15,1269,4.67,0
Machine-2,48.6,1.06,1085,5.26,0
Machine-1,76.14,0.21,1291,3.91,0
Machine-3,84.38,1.34,1375,3.17,0
Machine-3,49.28,0.26,1280,5.81,0
Machine-1,75.7,1.53,1316,5.29,0
Machine-2,57.11,0.81,1326,2.77,0
Machine-2,77.86,1.24,1452,5.76,0
Machine-1,96.6,1.02,933,4.42,0
Machine-2,76.43,0.68,1138,3.83,0
Machine-3,71.48,1.22,1428,2.59,0
Machine-2,87.18,1.14,995,3.39,0
Machine-2,56.03,0.5,1535,2.05,0
Machine-2,76.35,0.5,1443,2.37,0
Machine-3,78.68,0.8,1086,5.12,0
Machine-3,47.0,1.77,1281,4.1,0
Machine-3,45.22,0.23,1269,5.66,0
Machine-2,99.79,0.64,1089,4.95,0
Machine-1,60.01,1.04,889,1.6,0
Machine-3,91.17,1.19,1556,5.88,0
Machine-1,63.61,1.64,808,2.55,0
Machine-1,47.12,0.52,1053,1.57,0
Machine-2,61.13,0.74,1552,1.85,0
Machine-2,87.56,0.28,1525,4.05,0
Machine-2,67.2,0.86,1396,4.58,0
Machine-2,64.88,0.35,899,1.55,0
Machine-3,66.6,1.11,1133,5.08,0
Machine-2,88.59,0.31,890,5.63,0
Machine-1,76.64,0.26,1374,3.7,0
Machine-3,65.11,0.24,1353,1.63,0
Machine-3,91.67,1.11,1243,4.69,0
Machine-1,65.9,0.78,1379,5.89,0
Machine-3,98.47,0.81,989,4.96,0
Machine-3,76.9,0.7,908,5.28,0
Machine-2,97.46,1.37,1452,2.71,1
Machine-3,51.15,0.41,1186,3.3,0
Machine-3,60.94,1.27,899,3.22,0
Machine-3,74.42,0.47,1104,3.89,0
Machine-1,48.36,0.3,1134,1.98,0
Machine-3,95.41,0.22,1137,5.0,0
Machine-3,64.54,0.67,1600,3.29,0
Machine-2,75.82,0.28,1459,3.17,0
Machine-1,88.87,1.61,876,3.54,1
Machine-3,90.27,1.82,1211,2.98,1
Machine-1,80.5,0.13,1452,5.03,0
Machine-1,53.39,0.48,851,4.99,0
Machine-2,51.91,1.01,1235,2.19,0
Machine-3,45.65,0.5,1017,5.28,0
Machine-3,77.98,1.63,1097,3.71,0
Machine-3,83.48,0.64,1249,3.29,0
Machine-1,92.45,1.62,1005,1.58,1
Machine-1,85.24,0.57,919,4.89,0
Machine-2,49.25,1.21,1456,5.03,0
Machine-2,53.26,0.41,948,4.53,0
Machine-2,48.16,0.37,1199,3.91,0
Machine-2,45.36,1.95,1249,5.77,0
Machine-2,52.73,0.42,1494,2.83,0
Machine-1,91.95,1.66,1229,4.22,1
Machine-3,84.96,0.45,1172,2.68,0
Machine-1,70.22,1.16,1503,2.53,0
Machine-2,64.12,1.72,1261,1.99,0
Machine-1,55.73,0.83,1235,2.66,0
Machine-3,96.36,0.67,1142,5.84,0
Machine-2,83.71,1.0,817,1.79,0
Machine-2,91.05,1.68,1046,3.05,1
Machine-1,48.35,0.86,1461,2.54,0
Machine-3,83.8,0.18,1598,2.93,0
Machine-3,99.3,1.19,967,5.17,0
Machine-2,70.42,1.12,1167,3.54,0
Machine-1,84.39,0.86,1150,1.55,0
Machine-2,81.31,1.13,1413,4.89,0
Machine-2,85.21,0.98,1335,5.04,0
Machine-3,62.42,1.71,1032,5.92,0
Machine-1,54.16,0.29,832,3.42,0
Machine-3,90.93,1.23,1460,3.9,1
Machine-2,53.14,1.12,1436,5.12,0
Machine-2,61.92,1.35,1259,4.38,0
Machine-3,49.54,1.26,901,5.6,0
Machine-1,76.43,0.81,879,5.74,0
Machine-3,63.38,0.52,1296,4.88,0
Machine-2,87.75,0.3,843,4.27,0
Machine-3,74.92,0.16,1541,2.43,0
Machine-1,48.0,1.39,1343,1.6,0
Machine-3,98.86,0.78,1209,3.21,0
Machine-1,48.63,0.27,1576,2.41,0
Machine-2,83.92,0.45,974,4.97,0
Machine-3,61.31,0.56,850,2.42,0
Machine-1,85.27,0.34,1150,5.61,0
Machine-2,81.08,1.62,1385,2.62,0
Machine-3,59.8,1.51,1430,3.12,0
Machine-3,71.92,0.4,1175,4.16,0
Machine-3,62.96,1.69,894,1.51,0
Machine-1,74.07,1.55,1255,5.58,0
Machine-1,60.24,0.38,863,4.13,0
Machine-3,86.3,1.86,1342,5.65,1
Machine-1,55.92,0.48,1264,1.91,0
Machine-3,54.88,1.08,1210,5.04,0
Machine-1,99.96,1.03,945,3.55,0
Machine-1,87.54,1.14,1168,2.33,0
Machine-3,66.65,0.89,1397,5.5,0
Machine-1,74.3,0.28,800,2.27,0
Machine-3,68.14,1.1,902,4.22,0
Machine-2,53.68,1.19,1151,1.68,0
Machine-1,49.87,0.68,1178,2.88,0
Machine-1,67.84,1.38,1129,5.13,0
Machine-3,57.23,0.97,1460,5.98,0
Machine-2,76.35,0.93,884,2.56,0
Machine-2,57.38,1.48,1311,3.95,0
Machine-2,96.91,0.37,1181,2.85,0
Machine-3,86.91,1.08,1529,4.41,0
Machine-1,63.36,1.01,1442,4.1,0
Machine-1,96.14,0.24,1588,4.96,0
Machine-2,60.07,0.22,1416,5.52,0
Machine-1,53.1,0.42,1368,5.02,0
Machine-1,77.44,1.38,1402,3.55,0
Machine-3,79.95,0.41,1149,1.71,0
Machine-1,71.91,0.74,1448,1.67,0
Machine-3,82.96,0.11,1473,5.22,0
Machine-1,74.83,1.23,1359,3.13,0
Machine-3,78.69,1.81,1207,2.74,0
Machine-3,73.55,0.8,1256,2.34,0
Machine-3,64.44,0.75,884,5.99,0
Machine-1,95.62,0.71,991,3.37,0
Machine-3,74.14,0.21,1306,3.98,0
Machine-2,48.42,0.58,1512,2.8,0
Machine-1,46.59,0.52,821,3.37,0
Machine-2,91.63,0.98,939,2.83,0
Machine-1,84.08,1.19,1319,4.09,0
Machine-1,45.54,0.56,886,1.84,0
Machine-1,90.96,1.24,1129,4.44,1
Machine-1,49.32,1.42,922,4.83,0
Machine-2,77.69,1.14,810,2.65,0
Machine-1,76.9,0.56,1225,3.7,0
Machine-3,55.38,0.44,1532,3.76,0
Machine-2,84.0,1.66,1432,2.2,0
Machine-3,91.02,0.92,1159,1.5,0
Machine-3,99.46,0.49,1188,4.04,0
Machine-2,62.74,0.81,894,1.83,0
Machine-1,65.91,1.76,1365,2.26,0
Machine-3,99.39,0.81,1530,4.49,0
Machine-3,87.6,1.89,1358,5.78,1
Machine-2,69.29,0.87,831,2.34,0
Machine-2,69.01,1.9,972,4.4,0
Machine-1,61.6,1.95,1205,3.75,0
Machine-1,47.14,0.99,1441,4.49,0
Machine-2,86.39,0.7,1377,1.65,0
Machine-2,61.98,0.83,1562,2.29,0
Machine-3,80.61,1.78,1574,2.28,0
Machine-2,49.86,1.46,970,4.73,0
Machine-3,86.02,0.85,1077,3.88,0
Machine-2,56.23,0.99,1526,4.84,0
Machine-3,56.37,0.18,1515,2.07,0
Machine-2,70.86,1.32,1153,3.33,0
Machine-3,67.33,0.41,1472,1.51,0
Machine-1,80.4,0.99,1271,1.75,0
Machine-2,52.99,1.82,1063,5.12,0
Machine-1,77.45,0.5,1413,2.17,0
Machine-2,71.58,1.51,1360,3.32,0
Machine-2,97.27,0.6,1042,4.85,0
Machine-2,75.08,0.15,921,5.9,0
Machine-1,79.44,0.16,864,1.95,0
Machine-2,85.95,1.45,1233,3.08,1
Machine-2,52.48,1.26,1407,1.53,0
Machine-3,64.28,0.13,1270,5.76,0
Machine-2,72.02,2.0,994,5.02,0
Machine-3,95.51,0.51,801,4.63,0
Machine-1,78.41,1.62,851,4.81,0
Machine-1,72.04,0.92,1162,5.29,0
Machine-2,55.53,1.65,1265,4.46,0
Machine-3,46.31,1.13,1477,2.79,0
Machine-1,75.35,1.1,901,3.02,0
Machine-3,83.4,0.45,1029,3.93,0
Machine-2,67.87,0.17,1086,1.89,0
Machine-2,98.74,1.81,1219,4.94,1
Machine-3,70.1,0.64,1373,4.56,0
Machine-2,69.47,1.24,1225,4.6,0
Machine-3,93.5,1.8,972,4.09,1
Machine-2,86.02,1.31,896,2.74,1
Machine-1,78.01,0.7,1343,3.96,0
Machine-1,89.14,1.48,1494,5.99,1
Machine-1,98.94,0.54,1563,4.47,0
Machine-3,93.57,1.82,934,4.97,1
Machine-1,62.07,1.61,869,5.99,0
Machine-2,65.0,1.27,911,2.76,0
Machine-3,92.6,0.94,814,3.69,0
Machine-2,83.5,0.34,1427,3.57,0
Machine-2,60.53,1.77,818,5.63,0
Machine-3,56.22,1.85,879,3.96,0
Machine-3,58.79,1.55,854,2.26,0
Machine-3,97.14,1.9,1018,2.64,1
Machine-1,47.51,1.65,1095,2.59,0
Machine-1,75.39,1.0,862,2.79,0
Machine-3,88.43,0.65,813,2.8,0
Machine-2,87.82,1.0,839,1.77,0
Machine-1,46.12,0.41,1299,1.86,0
Machine-3,55.36,1.33,905,2.41,0
Machine-2,68.55,0.73,1077,1.53,0
Machine-3,83.98,1.4,1199,3.09,0
Machine-2,85.01,0.96,1403,5.25,0
Machine-2,53.55,0.23,1001,4.17,0
Machine-3,55.78,1.99,1121,3.18,0
Machine-3,68.51,0.59,874,3.48,0
Machine-2,76.22,0.7,1255,2.48,0
Machine-1,78.67,0.89,916,3.97,0
Machine-2,71.12,1.2,1410,4.88,0
Machine-1,67.84,1.09,1149,1.64,0
Machine-2,99.56,0.31,1444,5.33,0
Machine-1,46.85,1.12,1548,3.31,0
Machine-2,58.11,1.12,1007,2.54,0
Machine-3,79.1,0.28,1016,1.62,0
Machine-3,74.66,0.89,1276,1.88,0
Machine-3,56.5,0.21,1270,1.99,0
Machine-2,48.92,1.54,1297,5.48,0
Machine-2,62.37,0.54,809,5.09,0
Machine-1,45.34,1.58,986,3.97,0
Machine-1,83.62,0.18,1159,5.36,0
Machine-2,50.79,1.78,834,2.89,0
Machine-1,89.6,0.18,818,5.14,0
Machine-1,64.17,1.19,1269,4.88,0
Machine-3,47.42,1.31,1222,2.69,0
Machine-1,81.93,0.44,1332,1.52,0
Machine-2,95.03,0.12,804,2.11,0
Machine-1,46.61,1.2,1362,3.09,0
Machine-2,55.71,0.35,861,2.59,0
Machine-2,72.35,1.64,823,5.13,0
